Product,SKU,Category,Main Image,Gallery 2,Gallery 3,Image Type,Status
"After Shave Lotion","SGT-BS-005","Barber Supplies","/products/barber-supplies/after-shave-lotion.svg","/products/barber-supplies/after-shave-lotion-2.svg","/products/barber-supplies/after-shave-lotion-3.svg","Illustration","OK"
"Barber Neck Strips","SGT-BS-007","Barber Supplies","/products/barber-supplies/barber-neck-strips.svg","/products/barber-supplies/barber-neck-strips-2.svg","/products/barber-supplies/barber-neck-strips-3.svg","Illustration","OK"
"Barber Spray Bottle","SGT-BS-008","Barber Supplies","/products/barber-supplies/barber-spray-bottle.svg","/products/barber-supplies/barber-spray-bottle-2.svg","/products/barber-supplies/barber-spray-bottle-3.svg","Illustration","OK"
"Beard Oil","SGT-BS-006","Barber Supplies","/products/barber-supplies/beard-oil.svg","/products/barber-supplies/beard-oil-2.svg","/products/barber-supplies/beard-oil-3.svg","Illustration","OK"
"Professional Barber Scissors","SGT-BS-003","Barber Supplies","/products/barber-supplies/professional-barber-scissors.svg","/products/barber-supplies/professional-barber-scissors-2.svg","/products/barber-supplies/professional-barber-scissors-3.svg","Illustration","OK"
"Professional Shaving Cream","SGT-BS-004","Barber Supplies","/products/barber-supplies/professional-shaving-cream.svg","/products/barber-supplies/professional-shaving-cream-2.svg","/products/barber-supplies/professional-shaving-cream-3.svg","Illustration","OK"
"Professional Straight Razor","SGT-BS-001","Barber Supplies","/products/barber-supplies/professional-straight-razor.svg","/products/barber-supplies/professional-straight-razor-2.svg","/products/barber-supplies/professional-straight-razor-3.svg","Illustration","OK"
"Replacement Razor Blades","SGT-BS-002","Barber Supplies","/products/barber-supplies/replacement-razor-blades.svg","/products/barber-supplies/replacement-razor-blades-2.svg","/products/barber-supplies/replacement-razor-blades-3.svg","Illustration","OK"
"Colour Mixing Bowl & Brush Set","SGT-BC-010","Beauty Consumables","/products/beauty-consumables/colour-mixing-bowl-brush-set.svg","/products/beauty-consumables/colour-mixing-bowl-brush-set-2.svg","/products/beauty-consumables/colour-mixing-bowl-brush-set-3.svg","Illustration","OK"
"Cotton Rolls & Pads","SGT-BC-007","Beauty Consumables","/products/beauty-consumables/cotton-rolls-pads.svg","/products/beauty-consumables/cotton-rolls-pads-2.svg","/products/beauty-consumables/cotton-rolls-pads-3.svg","Illustration","OK"
"Disposable Bed Sheets","SGT-BC-009","Beauty Consumables","/products/beauty-consumables/disposable-bed-sheets.svg","/products/beauty-consumables/disposable-bed-sheets-2.svg","/products/beauty-consumables/disposable-bed-sheets-3.svg","Illustration","OK"
"Disposable Hair Caps","SGT-BC-006","Beauty Consumables","/products/beauty-consumables/disposable-hair-caps.svg","/products/beauty-consumables/disposable-hair-caps-2.svg","/products/beauty-consumables/disposable-hair-caps-3.svg","Illustration","OK"
"Disposable Latex Gloves","SGT-BC-002","Beauty Consumables","/products/beauty-consumables/disposable-latex-gloves.svg","/products/beauty-consumables/disposable-latex-gloves-2.svg","/products/beauty-consumables/disposable-latex-gloves-3.svg","Illustration","OK"
"Disposable Salon Towels","SGT-BC-004","Beauty Consumables","/products/beauty-consumables/disposable-salon-towels.svg","/products/beauty-consumables/disposable-salon-towels-2.svg","/products/beauty-consumables/disposable-salon-towels-3.svg","Illustration","OK"
"Hair Coloring Aluminium Foil","SGT-BC-008","Beauty Consumables","/products/beauty-consumables/hair-coloring-aluminium-foil.svg","/products/beauty-consumables/hair-coloring-aluminium-foil-2.svg","/products/beauty-consumables/hair-coloring-aluminium-foil-3.svg","Illustration","OK"
"Nitrile Examination Gloves","SGT-BC-001","Beauty Consumables","/products/beauty-consumables/nitrile-examination-gloves.svg","/products/beauty-consumables/nitrile-examination-gloves-2.svg","/products/beauty-consumables/nitrile-examination-gloves-3.svg","Illustration","OK"
"Salon Cotton Towels","SGT-BC-003","Beauty Consumables","/products/beauty-consumables/salon-cotton-towels.svg","/products/beauty-consumables/salon-cotton-towels-2.svg","/products/beauty-consumables/salon-cotton-towels-3.svg","Illustration","OK"
"Waterproof Salon Cape","SGT-BC-005","Beauty Consumables","/products/beauty-consumables/waterproof-salon-cape.svg","/products/beauty-consumables/waterproof-salon-cape-2.svg","/products/beauty-consumables/waterproof-salon-cape-3.svg","Illustration","OK"
"Disposable Cleaning Cloths","SGT-CH-006","Cleaning & Hygiene","/products/cleaning-hygiene/disposable-cleaning-cloths.svg","/products/cleaning-hygiene/disposable-cleaning-cloths-2.svg","/products/cleaning-hygiene/disposable-cleaning-cloths-3.svg","Illustration","OK"
"Equipment Cleaning Brush Set","SGT-CH-005","Cleaning & Hygiene","/products/cleaning-hygiene/equipment-cleaning-brush-set.svg","/products/cleaning-hygiene/equipment-cleaning-brush-set-2.svg","/products/cleaning-hygiene/equipment-cleaning-brush-set-3.svg","Illustration","OK"
"Hand Sanitizer Gel","SGT-CH-003","Cleaning & Hygiene","/products/cleaning-hygiene/hand-sanitizer-gel.svg","/products/cleaning-hygiene/hand-sanitizer-gel-2.svg","/products/cleaning-hygiene/hand-sanitizer-gel-3.svg","Illustration","OK"
"Instrument Disinfectant Solution","SGT-CH-002","Cleaning & Hygiene","/products/cleaning-hygiene/instrument-disinfectant-solution.svg","/products/cleaning-hygiene/instrument-disinfectant-solution-2.svg","/products/cleaning-hygiene/instrument-disinfectant-solution-3.svg","Illustration","OK"
"Salon Dustbin Liners","SGT-CH-007","Cleaning & Hygiene","/products/cleaning-hygiene/salon-dustbin-liners.svg","/products/cleaning-hygiene/salon-dustbin-liners-2.svg","/products/cleaning-hygiene/salon-dustbin-liners-3.svg","Illustration","OK"
"Salon Floor Cleaner","SGT-CH-004","Cleaning & Hygiene","/products/cleaning-hygiene/salon-floor-cleaner.svg","/products/cleaning-hygiene/salon-floor-cleaner-2.svg","/products/cleaning-hygiene/salon-floor-cleaner-3.svg","Illustration","OK"
"Salon Surface Disinfectant","SGT-CH-001","Cleaning & Hygiene","/products/cleaning-hygiene/salon-surface-disinfectant.svg","/products/cleaning-hygiene/salon-surface-disinfectant-2.svg","/products/cleaning-hygiene/salon-surface-disinfectant-3.svg","Illustration","OK"
"Bridal Facial Kit","SGT-FP-003","Facial Products","/products/facial-products/bridal-facial-kit.svg","/products/facial-products/bridal-facial-kit-2.svg","/products/facial-products/bridal-facial-kit-3.svg","Illustration","OK"
"De-Tan Facial Kit","SGT-FP-004","Facial Products","/products/facial-products/de-tan-facial-kit.svg","/products/facial-products/de-tan-facial-kit-2.svg","/products/facial-products/de-tan-facial-kit-3.svg","Illustration","OK"
"Diamond Facial Kit","SGT-FP-002","Facial Products","/products/facial-products/diamond-facial-kit.svg","/products/facial-products/diamond-facial-kit-2.svg","/products/facial-products/diamond-facial-kit-3.svg","Illustration","OK"
"Facial Massage Cream","SGT-FP-006","Facial Products","/products/facial-products/facial-massage-cream.svg","/products/facial-products/facial-massage-cream-2.svg","/products/facial-products/facial-massage-cream-3.svg","Illustration","OK"
"Fruit Facial Kit","SGT-FP-005","Facial Products","/products/facial-products/fruit-facial-kit.svg","/products/facial-products/fruit-facial-kit-2.svg","/products/facial-products/fruit-facial-kit-3.svg","Illustration","OK"
"Gold Facial Kit","SGT-FP-001","Facial Products","/products/facial-products/gold-facial-kit.svg","/products/facial-products/gold-facial-kit-2.svg","/products/facial-products/gold-facial-kit-3.svg","Illustration","OK"
"Professional Face Pack","SGT-FP-007","Facial Products","/products/facial-products/professional-face-pack.svg","/products/facial-products/professional-face-pack-2.svg","/products/facial-products/professional-face-pack-3.svg","Illustration","OK"
"Anti-Dandruff Shampoo","SGT-HC-002","Hair Care","/products/hair-care/anti-dandruff-shampoo.png","/products/hair-care/anti-dandruff-shampoo-2.png","/products/hair-care/anti-dandruff-shampoo-3.png","Photograph","OK"
"Argan Hair Serum","SGT-HC-008","Hair Care","/products/hair-care/argan-hair-serum.svg","/products/hair-care/argan-hair-serum-2.svg","/products/hair-care/argan-hair-serum-3.svg","Illustration","OK"
"Hair Fall Control Shampoo","SGT-HC-004","Hair Care","/products/hair-care/hair-fall-control-shampoo.png","/products/hair-care/hair-fall-control-shampoo-2.png","/products/hair-care/hair-fall-control-shampoo-3.png","Photograph","OK"
"Hair Growth Oil","SGT-HC-009","Hair Care","/products/hair-care/hair-growth-oil.png","/products/hair-care/hair-growth-oil-2.png","/products/hair-care/hair-growth-oil-3.png","Photograph","OK"
"Keratin Repair Conditioner","SGT-HC-007","Hair Care","/products/hair-care/keratin-repair-conditioner.png","/products/hair-care/keratin-repair-conditioner-2.png","/products/hair-care/keratin-repair-conditioner-3.png","Photograph","OK"
"Keratin Smooth Shampoo","SGT-HC-003","Hair Care","/products/hair-care/keratin-smooth-shampoo.png","/products/hair-care/keratin-smooth-shampoo-2.png","/products/hair-care/keratin-smooth-shampoo-3.png","Photograph","OK"
"Moisturizing Shampoo","SGT-HC-005","Hair Care","/products/hair-care/moisturizing-shampoo.png","/products/hair-care/moisturizing-shampoo-2.png","/products/hair-care/moisturizing-shampoo-3.png","Photograph","OK"
"Professional Conditioner","SGT-HC-006","Hair Care","/products/hair-care/professional-conditioner.png","/products/hair-care/professional-conditioner-2.png","/products/hair-care/professional-conditioner-3.png","Photograph","OK"
"Professional Hair Spa Cream","SGT-HC-010","Hair Care","/products/hair-care/professional-hair-spa-cream.png","/products/hair-care/professional-hair-spa-cream-2.png","/products/hair-care/professional-hair-spa-cream-3.png","Photograph","OK"
"Professional Shampoo","SGT-HC-001","Hair Care","/products/hair-care/professional-shampoo.png","/products/hair-care/professional-shampoo-2.png","/products/hair-care/professional-shampoo-3.png","Photograph","OK"
"Developer Cream","SGT-HT-003","Hair Color & Treatment","/products/hair-color-treatment/developer-cream.svg","/products/hair-color-treatment/developer-cream-2.svg","/products/hair-color-treatment/developer-cream-3.svg","Illustration","OK"
"Hair Bleach Powder","SGT-HT-002","Hair Color & Treatment","/products/hair-color-treatment/hair-bleach-powder.svg","/products/hair-color-treatment/hair-bleach-powder-2.svg","/products/hair-color-treatment/hair-bleach-powder-3.svg","Illustration","OK"
"Hair Botox Treatment","SGT-HT-007","Hair Color & Treatment","/products/hair-color-treatment/hair-botox-treatment.svg","/products/hair-color-treatment/hair-botox-treatment-2.svg","/products/hair-color-treatment/hair-botox-treatment-3.svg","Illustration","OK"
"Hair Color Remover","SGT-HT-004","Hair Color & Treatment","/products/hair-color-treatment/hair-color-remover.svg","/products/hair-color-treatment/hair-color-remover-2.svg","/products/hair-color-treatment/hair-color-remover-3.svg","Illustration","OK"
"Hair Perm Lotion & Neutralizer","SGT-HT-008","Hair Color & Treatment","/products/hair-color-treatment/hair-perm-lotion-neutralizer.svg","/products/hair-color-treatment/hair-perm-lotion-neutralizer-2.svg","/products/hair-color-treatment/hair-perm-lotion-neutralizer-3.svg","Illustration","OK"
"Hair Smoothening Cream","SGT-HT-006","Hair Color & Treatment","/products/hair-color-treatment/hair-smoothening-cream.svg","/products/hair-color-treatment/hair-smoothening-cream-2.svg","/products/hair-color-treatment/hair-smoothening-cream-3.svg","Illustration","OK"
"Keratin Treatment","SGT-HT-005","Hair Color & Treatment","/products/hair-color-treatment/keratin-treatment.svg","/products/hair-color-treatment/keratin-treatment-2.svg","/products/hair-color-treatment/keratin-treatment-3.svg","Illustration","OK"
"Post-Color Treatment Cream","SGT-HT-009","Hair Color & Treatment","/products/hair-color-treatment/post-color-treatment-cream.svg","/products/hair-color-treatment/post-color-treatment-cream-2.svg","/products/hair-color-treatment/post-color-treatment-cream-3.svg","Illustration","OK"
"Professional Hair Color Cream","SGT-HT-001","Hair Color & Treatment","/products/hair-color-treatment/professional-hair-color-cream.svg","/products/hair-color-treatment/professional-hair-color-cream-2.svg","/products/hair-color-treatment/professional-hair-color-cream-3.svg","Illustration","OK"
"Professional Comb Set","SGT-HE-009","Hair Equipment","/products/hair-equipment/professional-comb-set.svg","/products/hair-equipment/professional-comb-set-2.svg","/products/hair-equipment/professional-comb-set-3.svg","Illustration","OK"
"Professional Hair Brush Set","SGT-HE-008","Hair Equipment","/products/hair-equipment/professional-hair-brush-set.svg","/products/hair-equipment/professional-hair-brush-set-2.svg","/products/hair-equipment/professional-hair-brush-set-3.svg","Illustration","OK"
"Professional Hair Clipper","SGT-HE-004","Hair Equipment","/products/hair-equipment/professional-hair-clipper.svg","/products/hair-equipment/professional-hair-clipper-2.svg","/products/hair-equipment/professional-hair-clipper-3.svg","Illustration","OK"
"Professional Hair Curler","SGT-HE-003","Hair Equipment","/products/hair-equipment/professional-hair-curler.svg","/products/hair-equipment/professional-hair-curler-2.svg","/products/hair-equipment/professional-hair-curler-3.svg","Illustration","OK"
"Professional Hair Dryer","SGT-HE-001","Hair Equipment","/products/hair-equipment/professional-hair-dryer.svg","/products/hair-equipment/professional-hair-dryer-2.svg","/products/hair-equipment/professional-hair-dryer-3.svg","Illustration","OK"
"Professional Hair Scissors","SGT-HE-006","Hair Equipment","/products/hair-equipment/professional-hair-scissors.svg","/products/hair-equipment/professional-hair-scissors-2.svg","/products/hair-equipment/professional-hair-scissors-3.svg","Illustration","OK"
"Professional Hair Straightener","SGT-HE-002","Hair Equipment","/products/hair-equipment/professional-hair-straightener.svg","/products/hair-equipment/professional-hair-straightener-2.svg","/products/hair-equipment/professional-hair-straightener-3.svg","Illustration","OK"
"Professional Hair Trimmer","SGT-HE-005","Hair Equipment","/products/hair-equipment/professional-hair-trimmer.svg","/products/hair-equipment/professional-hair-trimmer-2.svg","/products/hair-equipment/professional-hair-trimmer-3.svg","Illustration","OK"
"Thinning Scissors","SGT-HE-007","Hair Equipment","/products/hair-equipment/thinning-scissors.svg","/products/hair-equipment/thinning-scissors-2.svg","/products/hair-equipment/thinning-scissors-3.svg","Illustration","OK"
"Barber Hair Pomade","SGT-HS-003","Hair Styling","/products/hair-styling/barber-hair-pomade.png","/products/hair-styling/barber-hair-pomade-2.png","/products/hair-styling/barber-hair-pomade-3.png","Photograph","OK"
"Hair Volumizing Powder","SGT-HS-007","Hair Styling","/products/hair-styling/hair-volumizing-powder.png","/products/hair-styling/hair-volumizing-powder-2.png","/products/hair-styling/hair-volumizing-powder-3.png","Photograph","OK"
"Heat Protection Spray","SGT-HS-006","Hair Styling","/products/hair-styling/heat-protection-spray.png","/products/hair-styling/heat-protection-spray-2.png","/products/hair-styling/heat-protection-spray-3.png","Photograph","OK"
"Matte Hair Wax","SGT-HS-001","Hair Styling","/products/hair-styling/matte-hair-wax.png","/products/hair-styling/matte-hair-wax-2.png","/products/hair-styling/matte-hair-wax-3.png","Photograph","OK"
"Professional Hair Gel","SGT-HS-002","Hair Styling","/products/hair-styling/professional-hair-gel.png","/products/hair-styling/professional-hair-gel-2.png","/products/hair-styling/professional-hair-gel-3.png","Photograph","OK"
"Professional Hair Spray","SGT-HS-004","Hair Styling","/products/hair-styling/professional-hair-spray.png","/products/hair-styling/professional-hair-spray-2.png","/products/hair-styling/professional-hair-spray-3.png","Photograph","OK"
"Volumizing Hair Mousse","SGT-HS-005","Hair Styling","/products/hair-styling/volumizing-hair-mousse.png","/products/hair-styling/volumizing-hair-mousse-2.png","/products/hair-styling/volumizing-hair-mousse-3.png","Photograph","OK"
"Compact Powder","SGT-MU-003","Makeup","/products/makeup/compact-powder.svg","/products/makeup/compact-powder-2.svg","/products/makeup/compact-powder-3.svg","Illustration","OK"
"Liquid Matte Lipstick","SGT-MU-005","Makeup","/products/makeup/liquid-matte-lipstick.svg","/products/makeup/liquid-matte-lipstick-2.svg","/products/makeup/liquid-matte-lipstick-3.svg","Illustration","OK"
"Makeup Primer","SGT-MU-008","Makeup","/products/makeup/makeup-primer.svg","/products/makeup/makeup-primer-2.svg","/products/makeup/makeup-primer-3.svg","Illustration","OK"
"Professional Concealer","SGT-MU-002","Makeup","/products/makeup/professional-concealer.svg","/products/makeup/professional-concealer-2.svg","/products/makeup/professional-concealer-3.svg","Illustration","OK"
"Professional Eyeshadow Palette","SGT-MU-004","Makeup","/products/makeup/professional-eyeshadow-palette.svg","/products/makeup/professional-eyeshadow-palette-2.svg","/products/makeup/professional-eyeshadow-palette-3.svg","Illustration","OK"
"Professional HD Foundation","SGT-MU-001","Makeup","/products/makeup/professional-hd-foundation.svg","/products/makeup/professional-hd-foundation-2.svg","/products/makeup/professional-hd-foundation-3.svg","Illustration","OK"
"Professional Makeup Brush Set","SGT-MU-009","Makeup","/products/makeup/professional-makeup-brush-set.svg","/products/makeup/professional-makeup-brush-set-2.svg","/products/makeup/professional-makeup-brush-set-3.svg","Illustration","OK"
"Volumizing Mascara","SGT-MU-007","Makeup","/products/makeup/volumizing-mascara.svg","/products/makeup/volumizing-mascara-2.svg","/products/makeup/volumizing-mascara-3.svg","Illustration","OK"
"Waterproof Eyeliner","SGT-MU-006","Makeup","/products/makeup/waterproof-eyeliner.svg","/products/makeup/waterproof-eyeliner-2.svg","/products/makeup/waterproof-eyeliner-3.svg","Illustration","OK"
"Cuticle Pusher & Cutter Set","SGT-MP-004","Manicure & Pedicure","/products/manicure-pedicure/cuticle-pusher-cutter-set.svg","/products/manicure-pedicure/cuticle-pusher-cutter-set-2.svg","/products/manicure-pedicure/cuticle-pusher-cutter-set-3.svg","Illustration","OK"
"Electric Foot Spa Tub","SGT-MP-007","Manicure & Pedicure","/products/manicure-pedicure/electric-foot-spa-tub.svg","/products/manicure-pedicure/electric-foot-spa-tub-2.svg","/products/manicure-pedicure/electric-foot-spa-tub-3.svg","Illustration","OK"
"Pedicure Bowl","SGT-MP-006","Manicure & Pedicure","/products/manicure-pedicure/pedicure-bowl.svg","/products/manicure-pedicure/pedicure-bowl-2.svg","/products/manicure-pedicure/pedicure-bowl-3.svg","Illustration","OK"
"Professional Foot File","SGT-MP-005","Manicure & Pedicure","/products/manicure-pedicure/professional-foot-file.svg","/products/manicure-pedicure/professional-foot-file-2.svg","/products/manicure-pedicure/professional-foot-file-3.svg","Illustration","OK"
"Professional Manicure Kit","SGT-MP-001","Manicure & Pedicure","/products/manicure-pedicure/professional-manicure-kit.svg","/products/manicure-pedicure/professional-manicure-kit-2.svg","/products/manicure-pedicure/professional-manicure-kit-3.svg","Illustration","OK"
"Professional Nail Cutter Set","SGT-MP-003","Manicure & Pedicure","/products/manicure-pedicure/professional-nail-cutter-set.svg","/products/manicure-pedicure/professional-nail-cutter-set-2.svg","/products/manicure-pedicure/professional-nail-cutter-set-3.svg","Illustration","OK"
"Professional Pedicure Kit","SGT-MP-002","Manicure & Pedicure","/products/manicure-pedicure/professional-pedicure-kit.svg","/products/manicure-pedicure/professional-pedicure-kit-2.svg","/products/manicure-pedicure/professional-pedicure-kit-3.svg","Illustration","OK"
"Acrylic Powder & Liquid Set","SGT-NL-005","Nail Products","/products/nail-products/acrylic-powder-liquid-set.svg","/products/nail-products/acrylic-powder-liquid-set-2.svg","/products/nail-products/acrylic-powder-liquid-set-3.svg","Illustration","OK"
"Base & Top Coat Set","SGT-NL-002","Nail Products","/products/nail-products/base-top-coat-set.svg","/products/nail-products/base-top-coat-set-2.svg","/products/nail-products/base-top-coat-set-3.svg","Illustration","OK"
"Nail Art Brush & Tool Kit","SGT-NL-006","Nail Products","/products/nail-products/nail-art-brush-tool-kit.svg","/products/nail-products/nail-art-brush-tool-kit-2.svg","/products/nail-products/nail-art-brush-tool-kit-3.svg","Illustration","OK"
"Nail Files & Buffer Pack","SGT-NL-009","Nail Products","/products/nail-products/nail-files-buffer-pack.svg","/products/nail-products/nail-files-buffer-pack-2.svg","/products/nail-products/nail-files-buffer-pack-3.svg","Illustration","OK"
"Nail Primer & Dehydrator","SGT-NL-003","Nail Products","/products/nail-products/nail-primer-dehydrator.svg","/products/nail-products/nail-primer-dehydrator-2.svg","/products/nail-products/nail-primer-dehydrator-3.svg","Illustration","OK"
"Professional Gel Nail Polish","SGT-NL-001","Nail Products","/products/nail-products/professional-gel-nail-polish.svg","/products/nail-products/professional-gel-nail-polish-2.svg","/products/nail-products/professional-gel-nail-polish-3.svg","Illustration","OK"
"Professional Nail Drill","SGT-NL-007","Nail Products","/products/nail-products/professional-nail-drill.svg","/products/nail-products/professional-nail-drill-2.svg","/products/nail-products/professional-nail-drill-3.svg","Illustration","OK"
"Professional Nail Tips","SGT-NL-004","Nail Products","/products/nail-products/professional-nail-tips.svg","/products/nail-products/professional-nail-tips-2.svg","/products/nail-products/professional-nail-tips-3.svg","Illustration","OK"
"UV/LED Nail Lamp","SGT-NL-008","Nail Products","/products/nail-products/uv-led-nail-lamp.svg","/products/nail-products/uv-led-nail-lamp-2.svg","/products/nail-products/uv-led-nail-lamp-3.svg","Illustration","OK"
"High Frequency Facial Machine","SGT-PE-003","Professional Equipment","/products/professional-equipment/high-frequency-facial-machine.svg","/products/professional-equipment/high-frequency-facial-machine-2.svg","/products/professional-equipment/high-frequency-facial-machine-3.svg","Illustration","OK"
"Hot Towel Cabinet","SGT-PE-005","Professional Equipment","/products/professional-equipment/hot-towel-cabinet.svg","/products/professional-equipment/hot-towel-cabinet-2.svg","/products/professional-equipment/hot-towel-cabinet-3.svg","Illustration","OK"
"Magnifying Lamp","SGT-PE-004","Professional Equipment","/products/professional-equipment/magnifying-lamp.svg","/products/professional-equipment/magnifying-lamp-2.svg","/products/professional-equipment/magnifying-lamp-3.svg","Illustration","OK"
"Multifunction Beauty Machine","SGT-PE-006","Professional Equipment","/products/professional-equipment/multifunction-beauty-machine.svg","/products/professional-equipment/multifunction-beauty-machine-2.svg","/products/professional-equipment/multifunction-beauty-machine-3.svg","Illustration","OK"
"Professional Facial Steamer","SGT-PE-001","Professional Equipment","/products/professional-equipment/professional-facial-steamer.svg","/products/professional-equipment/professional-facial-steamer-2.svg","/products/professional-equipment/professional-facial-steamer-3.svg","Illustration","OK"
"Professional Hair Steamer","SGT-PE-007","Professional Equipment","/products/professional-equipment/professional-hair-steamer.svg","/products/professional-equipment/professional-hair-steamer-2.svg","/products/professional-equipment/professional-hair-steamer-3.svg","Illustration","OK"
"UV Tool Sterilizer Cabinet","SGT-PE-002","Professional Equipment","/products/professional-equipment/uv-tool-sterilizer-cabinet.svg","/products/professional-equipment/uv-tool-sterilizer-cabinet-2.svg","/products/professional-equipment/uv-tool-sterilizer-cabinet-3.svg","Illustration","OK"
"Hydraulic Salon Styling Chair","SGT-FR-001","Salon Furniture","/products/salon-furniture/hydraulic-salon-styling-chair.svg","/products/salon-furniture/hydraulic-salon-styling-chair-2.svg","/products/salon-furniture/hydraulic-salon-styling-chair-3.svg","Illustration","OK"
"Manicure Table","SGT-FR-007","Salon Furniture","/products/salon-furniture/manicure-table.svg","/products/salon-furniture/manicure-table-2.svg","/products/salon-furniture/manicure-table-3.svg","Illustration","OK"
"Professional Barber Chair","SGT-FR-002","Salon Furniture","/products/salon-furniture/professional-barber-chair.svg","/products/salon-furniture/professional-barber-chair-2.svg","/products/salon-furniture/professional-barber-chair-3.svg","Illustration","OK"
"Professional Facial Bed","SGT-FR-006","Salon Furniture","/products/salon-furniture/professional-facial-bed.svg","/products/salon-furniture/professional-facial-bed-2.svg","/products/salon-furniture/professional-facial-bed-3.svg","Illustration","OK"
"Salon Shampoo Station","SGT-FR-003","Salon Furniture","/products/salon-furniture/salon-shampoo-station.svg","/products/salon-furniture/salon-shampoo-station-2.svg","/products/salon-furniture/salon-shampoo-station-3.svg","Illustration","OK"
"Salon Stool","SGT-FR-008","Salon Furniture","/products/salon-furniture/salon-stool.svg","/products/salon-furniture/salon-stool-2.svg","/products/salon-furniture/salon-stool-3.svg","Illustration","OK"
"Salon Storage Cabinet","SGT-FR-009","Salon Furniture","/products/salon-furniture/salon-storage-cabinet.svg","/products/salon-furniture/salon-storage-cabinet-2.svg","/products/salon-furniture/salon-storage-cabinet-3.svg","Illustration","OK"
"Salon Styling Station Mirror Unit","SGT-FR-004","Salon Furniture","/products/salon-furniture/salon-styling-station-mirror-unit.svg","/products/salon-furniture/salon-styling-station-mirror-unit-2.svg","/products/salon-furniture/salon-styling-station-mirror-unit-3.svg","Illustration","OK"
"Salon Trolley","SGT-FR-005","Salon Furniture","/products/salon-furniture/salon-trolley.svg","/products/salon-furniture/salon-trolley-2.svg","/products/salon-furniture/salon-trolley-3.svg","Illustration","OK"
"Aloe Vera Gel","SGT-SK-006","Skin Care","/products/skin-care/aloe-vera-gel.png","/products/skin-care/aloe-vera-gel-2.png","/products/skin-care/aloe-vera-gel-3.png","Photograph","OK"
"Face Scrub","SGT-SK-008","Skin Care","/products/skin-care/face-scrub.svg","/products/skin-care/face-scrub-2.svg","/products/skin-care/face-scrub-3.svg","Illustration","OK"
"Face Toner","SGT-SK-004","Skin Care","/products/skin-care/face-toner.svg","/products/skin-care/face-toner-2.svg","/products/skin-care/face-toner-3.svg","Illustration","OK"
"Hyaluronic Acid Serum","SGT-SK-003","Skin Care","/products/skin-care/hyaluronic-acid-serum.svg","/products/skin-care/hyaluronic-acid-serum-2.svg","/products/skin-care/hyaluronic-acid-serum-3.svg","Illustration","OK"
"Professional Face Cleanser","SGT-SK-001","Skin Care","/products/skin-care/professional-face-cleanser.svg","/products/skin-care/professional-face-cleanser-2.svg","/products/skin-care/professional-face-cleanser-3.svg","Illustration","OK"
"Professional Moisturizer","SGT-SK-005","Skin Care","/products/skin-care/professional-moisturizer.svg","/products/skin-care/professional-moisturizer-2.svg","/products/skin-care/professional-moisturizer-3.svg","Illustration","OK"
"Rose Water Toner","SGT-SK-007","Skin Care","/products/skin-care/rose-water-toner.svg","/products/skin-care/rose-water-toner-2.svg","/products/skin-care/rose-water-toner-3.svg","Illustration","OK"
"Vitamin C Face Serum","SGT-SK-002","Skin Care","/products/skin-care/vitamin-c-face-serum.svg","/products/skin-care/vitamin-c-face-serum-2.svg","/products/skin-care/vitamin-c-face-serum-3.svg","Illustration","OK"
"Aloe Vera Soft Wax","SGT-WX-006","Waxing","/products/waxing/aloe-vera-soft-wax.png","/products/waxing/aloe-vera-soft-wax-2.png","/products/waxing/aloe-vera-soft-wax-3.png","Photograph","OK"
"Chocolate Wax","SGT-WX-004","Waxing","/products/waxing/chocolate-wax.png","/products/waxing/chocolate-wax-2.png","/products/waxing/chocolate-wax-3.png","Photograph","OK"
"Disposable Wax Spatulas","SGT-WX-008","Waxing","/products/waxing/disposable-wax-spatulas.png","/products/waxing/disposable-wax-spatulas-2.png","/products/waxing/disposable-wax-spatulas-3.png","Photograph","OK"
"Hard Wax Beans","SGT-WX-003","Waxing","/products/waxing/hard-wax-beans.png","/products/waxing/hard-wax-beans-2.png","/products/waxing/hard-wax-beans-3.png","Photograph","OK"
"Non-Woven Wax Strips","SGT-WX-007","Waxing","/products/waxing/non-woven-wax-strips.png","/products/waxing/non-woven-wax-strips-2.png","/products/waxing/non-woven-wax-strips-3.png","Photograph","OK"
"Pre & Post Wax Lotion Set","SGT-WX-009","Waxing","/products/waxing/pre-post-wax-lotion-set.png","/products/waxing/pre-post-wax-lotion-set-2.png","/products/waxing/pre-post-wax-lotion-set-3.png","Photograph","OK"
"Professional Wax Heater","SGT-WX-001","Waxing","/products/waxing/professional-wax-heater.png","/products/waxing/professional-wax-heater-2.png","/products/waxing/professional-wax-heater-3.png","Photograph","OK"
"Rica Style Liposoluble Wax","SGT-WX-005","Waxing","/products/waxing/rica-style-liposoluble-wax.png","/products/waxing/rica-style-liposoluble-wax-2.png","/products/waxing/rica-style-liposoluble-wax-3.png","Photograph","OK"
"Roll-On Wax Heater","SGT-WX-002","Waxing","/products/waxing/roll-on-wax-heater.png","/products/waxing/roll-on-wax-heater-2.png","/products/waxing/roll-on-wax-heater-3.png","Photograph","OK"