brand,product,sku,category,file_1_front,file_2_angle,file_3_detail
"Andis Professional","Pro Titanium Double Foil Cordless Barber Shaver","SGT-BRB-FOIL-SHAVER-DOUBLE-TITANIUM","Skin Care","SGT-BRB-FOIL-SHAVER-DOUBLE-TITANIUM.jpg","SGT-BRB-FOIL-SHAVER-DOUBLE-TITANIUM-2.jpg","SGT-BRB-FOIL-SHAVER-DOUBLE-TITANIUM-3.jpg"
"Architectural Salon Systems","Master Workstation 3D Salon Furniture & Trolley Suite","SGT-EQ-MASTER-SALON-SUITE","Professional Equipment","SGT-EQ-MASTER-SALON-SUITE.jpg","SGT-EQ-MASTER-SALON-SUITE-2.jpg","SGT-EQ-MASTER-SALON-SUITE-3.jpg"
"Ayurveda Botanica Series","Ayurveda Botanica Herbal Bath Soap Neem & Aloe Vera (100g Bar & Box)","SGT-SKIN-HERBAL-SOAP-NEEM-ALOE-100G","Skin Care","SGT-SKIN-HERBAL-SOAP-NEEM-ALOE-100G.jpg","SGT-SKIN-HERBAL-SOAP-NEEM-ALOE-100G-2.jpg","SGT-SKIN-HERBAL-SOAP-NEEM-ALOE-100G-3.jpg"
"BaBylissPRO","Skeleton T-Blade Zero-Gap Detail Trimmer Bronze","SGT-BRB-PRECISION-OUTLINE-TRIMMER","Skin Care","SGT-BRB-PRECISION-OUTLINE-TRIMMER.jpg","SGT-BRB-PRECISION-OUTLINE-TRIMMER-2.jpg","SGT-BRB-PRECISION-OUTLINE-TRIMMER-3.jpg"
"Barber Pro Series","Professional Barber Folding Straight Razor with Wooden Handle","SGT-BRB-STRAIGHT-RAZOR-SET","Barber Supplies","SGT-BRB-STRAIGHT-RAZOR-SET.jpg","SGT-BRB-STRAIGHT-RAZOR-SET-2.jpg","SGT-BRB-STRAIGHT-RAZOR-SET-3.jpg"
"Barber Pro Series","Professional Barber Hair Clipper Color Guard Set with Acrylic Caddy","SGT-BRB-CLIPPER-GUARD-HOLDER-SET","Barber Supplies","SGT-BRB-CLIPPER-GUARD-HOLDER-SET.jpg","SGT-BRB-CLIPPER-GUARD-HOLDER-SET-2.jpg","SGT-BRB-CLIPPER-GUARD-HOLDER-SET-3.jpg"
"Cheryl's Cosmeceuticals","Activated Charcoal Deep Pore Detox Peel-Off Mask (200g Tube)","SGT-SKIN-CHARCOAL-DETOX-MASK","Skin Care","SGT-SKIN-CHARCOAL-DETOX-MASK.jpg","SGT-SKIN-CHARCOAL-DETOX-MASK-2.jpg","SGT-SKIN-CHARCOAL-DETOX-MASK-3.jpg"
"Generic Professional","Barber Spray Bottle","SGT-BS-008","Barber Supplies","SGT-BS-008.jpg","SGT-BS-008-2.jpg","SGT-BS-008-3.jpg"
"Grandeur Salon Equipment","2-in-1 Facial Ozone Steamer & Magnifying Lamp Combo Station","SGT-EQ-TABLETOP-FACIAL-OZONE-STEAMER-STD","Professional Equipment","SGT-EQ-TABLETOP-FACIAL-OZONE-STEAMER-STD.jpg","SGT-EQ-TABLETOP-FACIAL-OZONE-STEAMER-STD-2.jpg","SGT-EQ-TABLETOP-FACIAL-OZONE-STEAMER-STD-3.jpg"
"Grandeur Salon Equipment","Commercial Stand Facial Ozone Steamer with LED Magnifying Lamp","SGT-EQ-STAND-FACIAL-OZONE-STEAMER-STD","Professional Equipment","SGT-EQ-STAND-FACIAL-OZONE-STEAMER-STD.jpg","SGT-EQ-STAND-FACIAL-OZONE-STEAMER-STD-2.jpg","SGT-EQ-STAND-FACIAL-OZONE-STEAMER-STD-3.jpg"
"Grandeur Salon Equipment","Luxury Black & Gold Hydraulic Salon Styling Chair & Station Set","SGT-EQ-LUX-BLACK-GOLD","Professional Equipment","SGT-EQ-LUX-BLACK-GOLD.jpg","SGT-EQ-LUX-BLACK-GOLD-2.jpg","SGT-EQ-LUX-BLACK-GOLD-3.jpg"
"Grandeur Salon Equipment","Professional Barber Continuous Spray Bottle & Neck Duster Set","SGT-BRB-SPRAY-NECK-DUSTER-SET","Barber Supplies","SGT-BRB-SPRAY-NECK-DUSTER-SET.jpg","SGT-BRB-SPRAY-NECK-DUSTER-SET-2.jpg","SGT-BRB-SPRAY-NECK-DUSTER-SET-3.jpg"
"Grandeur Salon Equipment","Professional Barber Sectioning Combs & Clips Master Kit","SGT-BRB-SECTIONING-TOOL-SET","Barber Supplies","SGT-BRB-SECTIONING-TOOL-SET.jpg","SGT-BRB-SECTIONING-TOOL-SET-2.jpg","SGT-BRB-SECTIONING-TOOL-SET-3.jpg"
"Grandeur Salon Equipment","Professional Standing Hair Steamer & Hood Dryer Machine","SGT-EQ-STANDING-HAIR-STEAMER-SINGLE","Professional Equipment","SGT-EQ-STANDING-HAIR-STEAMER-SINGLE.jpg","SGT-EQ-STANDING-HAIR-STEAMER-SINGLE-2.jpg","SGT-EQ-STANDING-HAIR-STEAMER-SINGLE-3.jpg"
"Grandeur Salon Furniture","Charcoal Grey Reclining Hydraulic Facial & Barber Chair","SGT-FUR-CHARCOAL-GREY","Salon Furniture","SGT-FUR-CHARCOAL-GREY.jpg","SGT-FUR-CHARCOAL-GREY-2.jpg","SGT-FUR-CHARCOAL-GREY-3.jpg"
"Grandeur Salon Furniture","Cream & Gold Luxury Hydraulic Salon Styling Chair","SGT-FUR-CREAM-GOLD-CHAIR","Salon Furniture","SGT-FUR-CREAM-GOLD-CHAIR.jpg","SGT-FUR-CREAM-GOLD-CHAIR-2.jpg","SGT-FUR-CREAM-GOLD-CHAIR-3.jpg"
"Grandeur Salon Furniture","Diamond Tufted Crystal-Studded Black Hydraulic Styling Chair","SGT-FUR-TUFTED-CRYSTAL-BLK","Salon Furniture","SGT-FUR-TUFTED-CRYSTAL-BLK.jpg","SGT-FUR-TUFTED-CRYSTAL-BLK-2.jpg","SGT-FUR-TUFTED-CRYSTAL-BLK-3.jpg"
"Grandeur Salon Furniture","Royal Beige Gold Reclining Hydraulic Parlour Chair","SGT-FUR-ROYAL-BEIGE-GOLD","Salon Furniture","SGT-FUR-ROYAL-BEIGE-GOLD.jpg","SGT-FUR-ROYAL-BEIGE-GOLD-2.jpg","SGT-FUR-ROYAL-BEIGE-GOLD-3.jpg"
"Hair Care Series","Professional Keratin Smooth Hair Treatment Serum (100ml)","SGT-HC-KERATIN-SERUM-100ML","Hair Care","SGT-HC-KERATIN-SERUM-100ML.jpg","SGT-HC-KERATIN-SERUM-100ML-2.jpg","SGT-HC-KERATIN-SERUM-100ML-3.jpg"
"ICONIC London","ICONIC London Precision Foundation & Contour Stick","SGT-MK-ICONIC-STICK","Makeup","SGT-MK-ICONIC-STICK.jpg","SGT-MK-ICONIC-STICK-2.jpg","SGT-MK-ICONIC-STICK-3.jpg"
"ICONIC London","ICONIC London Prep-Set-Glow Shimmer Spray","SGT-MK-ICONIC-PREPSET","Makeup","SGT-MK-ICONIC-PREPSET.jpg","SGT-MK-ICONIC-PREPSET-2.jpg","SGT-MK-ICONIC-PREPSET-3.jpg"
"ICONIC London","ICONIC London Radiance Booster Liquid Enhancer","SGT-MK-ICONIC-RADBOOST","Makeup","SGT-MK-ICONIC-RADBOOST.jpg","SGT-MK-ICONIC-RADBOOST-2.jpg","SGT-MK-ICONIC-RADBOOST-3.jpg"
"ICONIC London","ICONIC London Underglow Blurring Primer","SGT-MK-ICONIC-PRIMER","Makeup","SGT-MK-ICONIC-PRIMER.jpg","SGT-MK-ICONIC-PRIMER-2.jpg","SGT-MK-ICONIC-PRIMER-3.jpg"
"Iconic London","Iconic London Precision Contour & Shading Stick","SGT-MKP-CONTOUR-STICK-DUO","Makeup","SGT-MKP-CONTOUR-STICK-DUO.jpg","SGT-MKP-CONTOUR-STICK-DUO-2.jpg","SGT-MKP-CONTOUR-STICK-DUO-3.jpg"
"Iconic London","Iconic London Radiance Booster Glow Primer (50ml)","SGT-MKP-RADIANCE-BOOSTER-50ML","Makeup","SGT-MKP-RADIANCE-BOOSTER-50ML.jpg","SGT-MKP-RADIANCE-BOOSTER-50ML-2.jpg","SGT-MKP-RADIANCE-BOOSTER-50ML-3.jpg"
"Jaguar","Jaguar Pre Style Relax Slice Hairdressing Scissors","SGT-JAGUAR-RELAX-SLICE","Barber Supplies","SGT-JAGUAR-RELAX-SLICE.jpg","SGT-JAGUAR-RELAX-SLICE-2.jpg","SGT-JAGUAR-RELAX-SLICE-3.jpg"
"Jaguar Solingen","Jaguar Pre-Style Relax Slice Hairdressing Scissors 5.5 Inch Set","SGT-JAGUAR-RELAX-SLICE-55-SET","Barber Supplies","SGT-JAGUAR-RELAX-SLICE-55-SET.jpg","SGT-JAGUAR-RELAX-SLICE-55-SET-2.jpg","SGT-JAGUAR-RELAX-SLICE-55-SET-3.jpg"
"Kryolan Professional","Ultra Longwear Professional Makeup Setting Spray (100ml)","SGT-MKP-MATTE-SETTING-SPRAY-100ML","Skin Care","SGT-MKP-MATTE-SETTING-SPRAY-100ML.jpg","SGT-MKP-MATTE-SETTING-SPRAY-100ML-2.jpg","SGT-MKP-MATTE-SETTING-SPRAY-100ML-3.jpg"
"Kube Decor","Modern Nordic Aesthetic Plush Salon Styling Chair","SGT-EQ-NORDIC-AESTHETIC","Professional Equipment","SGT-EQ-NORDIC-AESTHETIC.jpg","SGT-EQ-NORDIC-AESTHETIC-2.jpg","SGT-EQ-NORDIC-AESTHETIC-3.jpg"
"L'Oreal Professionnel","Biotin & Collagen Hair Rebuilding Spa Mask (500g Jar)","SGT-HC-BIOTIN-HAIR-MASK-500G","Skin Care","SGT-HC-BIOTIN-HAIR-MASK-500G.jpg","SGT-HC-BIOTIN-HAIR-MASK-500G-2.jpg","SGT-HC-BIOTIN-HAIR-MASK-500G-3.jpg"
"LipoWax","Almond & Aloe Vera Stripless Hard Wax Beans (500g)","SGT-WAX-BEADS-ALMOND-500G","Waxing","SGT-WAX-BEADS-ALMOND-500G.jpg","SGT-WAX-BEADS-ALMOND-500G-2.jpg","SGT-WAX-BEADS-ALMOND-500G-3.jpg"
"Lumiere Mirror Craft","Minimalist Full-Length Backlit LED Salon Wall Mirror & Hydraulic Station","SGT-EQ-LED-MIRROR-STATION","Professional Equipment","SGT-EQ-LED-MIRROR-STATION.jpg","SGT-EQ-LED-MIRROR-STATION-2.jpg","SGT-EQ-LED-MIRROR-STATION-3.jpg"
"L’Oréal Paris","L’Oréal Paris Glycolic Bright Day Cream With SPF 17","SGT-SC-013","Skin Care","SGT-SC-013.jpg","SGT-SC-013-2.jpg","SGT-SC-013-3.jpg"
"MDM","MDM Herbal Manjistha Soap – 100g x 6 Super Saver Pack","MDM-MANJISTHA-100G-X6","Skin Care","MDM-MANJISTHA-100G-X6.jpg","MDM-MANJISTHA-100G-X6-2.jpg","MDM-MANJISTHA-100G-X6-3.jpg"
"MDM","MDM Herbal Neem With Aloevera Soap 800G (100G X 8) Super Saver Pack","MDM-NEEM-ALOE-100G-X8","Skin Care","MDM-NEEM-ALOE-100G-X8.jpg","MDM-NEEM-ALOE-100G-X8-2.jpg","MDM-NEEM-ALOE-100G-X8-3.jpg"
"MDM Herbal","MDM Herbal Mulikaa My Saffron Beauty Soap – 150g","MDM-SAFFRON-SOAP-150G","Skin Care","MDM-SAFFRON-SOAP-150G.jpg","MDM-SAFFRON-SOAP-150G-2.jpg","MDM-SAFFRON-SOAP-150G-3.jpg"
"MDM Herbal","MDM Herbal VANA Shampoo","MDM-VANA-SHAMPOO-300ML","Hair Care","MDM-VANA-SHAMPOO-300ML.jpg","MDM-VANA-SHAMPOO-300ML-2.jpg","MDM-VANA-SHAMPOO-300ML-3.jpg"
"MDM Herbal","Mulika Hair Oil","MDM-VANA-SHAMPOO-300","Hair Care","MDM-VANA-SHAMPOO-300.jpg","MDM-VANA-SHAMPOO-300-2.jpg","MDM-VANA-SHAMPOO-300-3.jpg"
"MasterCraft Barber","MasterCraft Japanese Stainless Steel Barber Shears Collection","SGT-EQ-MASTERCRAFT-SHEARS-COLL","Barber Supplies","SGT-EQ-MASTERCRAFT-SHEARS-COLL.jpg","SGT-EQ-MASTERCRAFT-SHEARS-COLL-2.jpg","SGT-EQ-MASTERCRAFT-SHEARS-COLL-3.jpg"
"MasterCraft Furniture","Black Geometric Hollow Chrome Armrest Reclining Salon Chair","SGT-FUR-HOLLOW-ARM-BLK","Salon Furniture","SGT-FUR-HOLLOW-ARM-BLK.jpg","SGT-FUR-HOLLOW-ARM-BLK-2.jpg","SGT-FUR-HOLLOW-ARM-BLK-3.jpg"
"MasterCraft Furniture","Executive Matte Black Reclining Barber Chair","SGT-FUR-EXEC-MATTE-BLACK","Salon Furniture","SGT-FUR-EXEC-MATTE-BLACK.jpg","SGT-FUR-EXEC-MATTE-BLACK-2.jpg","SGT-FUR-EXEC-MATTE-BLACK-3.jpg"
"MasterCraft Professional","Master Salon Hairdresser Appliance & Accessories Suite","SGT-BAR-MASTER-SUITE","Barber Supplies","SGT-BAR-MASTER-SUITE.jpg","SGT-BAR-MASTER-SUITE-2.jpg","SGT-BAR-MASTER-SUITE-3.jpg"
"Matrix Professional","Violet Anti-Brass Dust-Free Bleaching Powder (500g)","SGT-HCT-COLOR-FREE-HIGHLIGHT-POWDER","Skin Care","SGT-HCT-COLOR-FREE-HIGHLIGHT-POWDER.jpg","SGT-HCT-COLOR-FREE-HIGHLIGHT-POWDER-2.jpg","SGT-HCT-COLOR-FREE-HIGHLIGHT-POWDER-3.jpg"
"Maycreate Professional","MAYCREATE Professional 10-Piece Hair Cutting & Thinning Scissors Kit","SGT-EQ-MAYCREATE-KIT10","Barber Supplies","SGT-EQ-MAYCREATE-KIT10.jpg","SGT-EQ-MAYCREATE-KIT10-2.jpg","SGT-EQ-MAYCREATE-KIT10-3.jpg"
"Moroccanoil Pro","Moroccan Argan Intensive Hair Elixir Oil (100ml Dropper)","SGT-HC-ARGAN-SERUM-DROPPER","Skin Care","SGT-HC-ARGAN-SERUM-DROPPER.jpg","SGT-HC-ARGAN-SERUM-DROPPER-2.jpg","SGT-HC-ARGAN-SERUM-DROPPER-3.jpg"
"Nordic Spa Furniture","Commercial Electric Hydraulic Facial & Massage Treatment Table","SGT-FUR-FACIAL-BED-HYDRAULIC-ELECTRIC","Salon Furniture","SGT-FUR-FACIAL-BED-HYDRAULIC-ELECTRIC.jpg","SGT-FUR-FACIAL-BED-HYDRAULIC-ELECTRIC-2.jpg","SGT-FUR-FACIAL-BED-HYDRAULIC-ELECTRIC-3.jpg"
"Nordic Spa Furniture","Executive Gold Accent Black Hydraulic Styling Chair","SGT-FUR-GOLD-HYDRAULIC-STYLING-CHAIR","Skin Care","SGT-FUR-GOLD-HYDRAULIC-STYLING-CHAIR.jpg","SGT-FUR-GOLD-HYDRAULIC-STYLING-CHAIR-2.jpg","SGT-FUR-GOLD-HYDRAULIC-STYLING-CHAIR-3.jpg"
"Nordic Spa Furniture","Executive Quilted Leather Salon Shampoo Backwash Station with Ceramic Basin","SGT-FUR-BACKWASH-SHAMPOO-QUILTED","Salon Furniture","SGT-FUR-BACKWASH-SHAMPOO-QUILTED.jpg","SGT-FUR-BACKWASH-SHAMPOO-QUILTED-2.jpg","SGT-FUR-BACKWASH-SHAMPOO-QUILTED-3.jpg"
"Nordic Spa Furniture","Luxury Pedicure Spa Chair Unit with Hydrotherapy Foot Bath","SGT-FUR-PEDICURE-SPA-CHAIR-LUX","Salon Furniture","SGT-FUR-PEDICURE-SPA-CHAIR-LUX.jpg","SGT-FUR-PEDICURE-SPA-CHAIR-LUX-2.jpg","SGT-FUR-PEDICURE-SPA-CHAIR-LUX-3.jpg"
"Nordic Spa Furniture","Professional Glass Top Manicure Table Desk with Dust Collector","SGT-FUR-MANICURE-DESK-GLASS-TOP","Skin Care","SGT-FUR-MANICURE-DESK-GLASS-TOP.jpg","SGT-FUR-MANICURE-DESK-GLASS-TOP-2.jpg","SGT-FUR-MANICURE-DESK-GLASS-TOP-3.jpg"
"O3+ Professional","Professional Ultrasonic Facial Skin Scrubber Spatula","SGT-EQ-ULTRASONIC-SKIN-SCRUBBER","Skin Care","SGT-EQ-ULTRASONIC-SKIN-SCRUBBER.jpg","SGT-EQ-ULTRASONIC-SKIN-SCRUBBER-2.jpg","SGT-EQ-ULTRASONIC-SKIN-SCRUBBER-3.jpg"
"O3+ Professional","Pure Hyaluronic Acid Hydrating Serum (50ml Glass Bottle)","SGT-SKIN-HYALURONIC-SERUM-50ML","Skin Care","SGT-SKIN-HYALURONIC-SERUM-50ML.jpg","SGT-SKIN-HYALURONIC-SERUM-50ML-2.jpg","SGT-SKIN-HYALURONIC-SERUM-50ML-3.jpg"
"Olaplex Professional","Professional Bond Rebuilder Plex Solution No. 1 (500ml)","SGT-HCT-BOND-PLEX-STEP1-500ML","Skin Care","SGT-HCT-BOND-PLEX-STEP1-500ML.jpg","SGT-HCT-BOND-PLEX-STEP1-500ML-2.jpg","SGT-HCT-BOND-PLEX-STEP1-500ML-3.jpg"
"PAC Cosmetics","Salon Bridal Velvet Matte Liquid Lipstick Set (6 Shades)","SGT-MKP-VELVET-MATTE-LIPSTICK-SET","Skin Care","SGT-MKP-VELVET-MATTE-LIPSTICK-SET.jpg","SGT-MKP-VELVET-MATTE-LIPSTICK-SET-2.jpg","SGT-MKP-VELVET-MATTE-LIPSTICK-SET-3.jpg"
"Philips","Philips All-in-One Trimmer 3000 Series (9-in-1 Grooming Kit)","SGT-PHILIPS-TR3000-9IN1","Barber Supplies","SGT-PHILIPS-TR3000-9IN1.jpg","SGT-PHILIPS-TR3000-9IN1-2.jpg","SGT-PHILIPS-TR3000-9IN1-3.jpg"
"Pro Makeup Series","Professional Translucent HD Loose Setting Powder (50g)","SGT-MKP-TRANSLUCENT-SETTING-POWDER","Makeup","SGT-MKP-TRANSLUCENT-SETTING-POWDER.jpg","SGT-MKP-TRANSLUCENT-SETTING-POWDER-2.jpg","SGT-MKP-TRANSLUCENT-SETTING-POWDER-3.jpg"
"Pro Makeup Series","Ultra HD Liquid Foundation Glass Bottle with Pump (30ml)","SGT-MKP-FLUID-FOUNDATION-30ML","Makeup","SGT-MKP-FLUID-FOUNDATION-30ML.jpg","SGT-MKP-FLUID-FOUNDATION-30ML-2.jpg","SGT-MKP-FLUID-FOUNDATION-30ML-3.jpg"
"Pro-Genesis Salon Solutions","Pro-Genesis Professional Hair Rebonding Straightening Cream Step 1 (1000ml)","SGT-HCT-PRO-GENESIS-REBONDING-CREAM-1000ML","Hair Color & Treatment","SGT-HCT-PRO-GENESIS-REBONDING-CREAM-1000ML.jpg","SGT-HCT-PRO-GENESIS-REBONDING-CREAM-1000ML-2.jpg","SGT-HCT-PRO-GENESIS-REBONDING-CREAM-1000ML-3.jpg"
"ProLuxe Barber Supplies","Professional Barber Station Cordless Clipper & Gold Skeleton Trimmer Set","SGT-BRB-STATION-CLIPPER-TRIMMER-SET","Barber Supplies","SGT-BRB-STATION-CLIPPER-TRIMMER-SET.jpg","SGT-BRB-STATION-CLIPPER-TRIMMER-SET-2.jpg","SGT-BRB-STATION-CLIPPER-TRIMMER-SET-3.jpg"
"ProLuxe Barber Supplies","Professional Leather Shear Case & Titanium Scissors Set","SGT-BRB-LEATHER-SHEAR-CASE-SET","Barber Supplies","SGT-BRB-LEATHER-SHEAR-CASE-SET.jpg","SGT-BRB-LEATHER-SHEAR-CASE-SET-2.jpg","SGT-BRB-LEATHER-SHEAR-CASE-SET-3.jpg"
"ProLuxe Salon Equipment","18-Inch Dimmable LED Ring Light Stand Kit with Smartphone Holder","SGT-EQ-RING-LIGHT-18INCH-KIT-STD","Professional Equipment","SGT-EQ-RING-LIGHT-18INCH-KIT-STD.jpg","SGT-EQ-RING-LIGHT-18INCH-KIT-STD-2.jpg","SGT-EQ-RING-LIGHT-18INCH-KIT-STD-3.jpg"
"ProLuxe Salon Equipment","Commercial Double Door Hot Towel Warmer UV Sterilizer 23L","SGT-EQ-HOT-TOWEL-STERILIZER-23L","Skin Care","SGT-EQ-HOT-TOWEL-STERILIZER-23L.jpg","SGT-EQ-HOT-TOWEL-STERILIZER-23L-2.jpg","SGT-EQ-HOT-TOWEL-STERILIZER-23L-3.jpg"
"ProLuxe Salon Equipment","LED Illuminated Desktop Vanity Mirror Station with Touch Dimmer","SGT-EQ-VANITY-MIRROR-LED","Professional Equipment","SGT-EQ-VANITY-MIRROR-LED.jpg","SGT-EQ-VANITY-MIRROR-LED-2.jpg","SGT-EQ-VANITY-MIRROR-LED-3.jpg"
"ProMaster Barber","ProMaster Full Gold Titanium Professional Cutting Scissor","SGT-EQ-PROMASTER-GOLD","Barber Supplies","SGT-EQ-PROMASTER-GOLD.jpg","SGT-EQ-PROMASTER-GOLD-2.jpg","SGT-EQ-PROMASTER-GOLD-3.jpg"
"ProNail Tech","Commercial 35,000 RPM Electric Nail Drill System with Digital Display","SGT-NAIL-DRILL-35000RPM-PRO","Professional Equipment","SGT-NAIL-DRILL-35000RPM-PRO.jpg","SGT-NAIL-DRILL-35000RPM-PRO-2.jpg","SGT-NAIL-DRILL-35000RPM-PRO-3.jpg"
"ProWax","Commercial Single Can Electric Wax Warmer Machine 500ml","SGT-WAX-SINGLE-CAN-WARMER-500ML","Waxing","SGT-WAX-SINGLE-CAN-WARMER-500ML.jpg","SGT-WAX-SINGLE-CAN-WARMER-500ML-2.jpg","SGT-WAX-SINGLE-CAN-WARMER-500ML-3.jpg"
"ProWax","Professional Digital Wax Warmer Starter Kit with Hard Wax Beads","SGT-WAX-STARTER-KIT-WHITE","Waxing","SGT-WAX-STARTER-KIT-WHITE.jpg","SGT-WAX-STARTER-KIT-WHITE-2.jpg","SGT-WAX-STARTER-KIT-WHITE-3.jpg"
"ProWax","Trio Roll-on Wax Cartridge Heater Base Station","SGT-WAX-ROLLON-CARTRIDGE-WARMER","Waxing","SGT-WAX-ROLLON-CARTRIDGE-WARMER.jpg","SGT-WAX-ROLLON-CARTRIDGE-WARMER-2.jpg","SGT-WAX-ROLLON-CARTRIDGE-WARMER-3.jpg"
"Professional Series","18-Inch Dimmable LED Ring Light Stand Kit with Smartphone Holder","SGT-EQ-RING-LIGHT-18INCH-KIT","Professional Equipment","SGT-EQ-RING-LIGHT-18INCH-KIT.jpg","SGT-EQ-RING-LIGHT-18INCH-KIT-2.jpg","SGT-EQ-RING-LIGHT-18INCH-KIT-3.jpg"
"Professional Series","2400W High-Speed AC Motor Ionic Hair Dryer","SGT-EQ-DRYER-2400W-ROSEGOLD","Professional Equipment","SGT-EQ-DRYER-2400W-ROSEGOLD.jpg","SGT-EQ-DRYER-2400W-ROSEGOLD-2.jpg","SGT-EQ-DRYER-2400W-ROSEGOLD-3.jpg"
"Professional Series","Commercial Hot Towel Warmer Cabinet & UV Sterilizer 18L","SGT-EQ-TOWEL-WARMER-STERILIZER-18L","Professional Equipment","SGT-EQ-TOWEL-WARMER-STERILIZER-18L.jpg","SGT-EQ-TOWEL-WARMER-STERILIZER-18L-2.jpg","SGT-EQ-TOWEL-WARMER-STERILIZER-18L-3.jpg"
"Professional Series","Heavy-Duty Cordless Hair Clipper & Fade Trimmer","SGT-BAR-CLIPPER-PRO-SGT9","Barber Supplies","SGT-BAR-CLIPPER-PRO-SGT9.jpg","SGT-BAR-CLIPPER-PRO-SGT9-2.jpg","SGT-BAR-CLIPPER-PRO-SGT9-3.jpg"
"Professional Series","Professional Intensive Hydrating Conditioner with Argan Oil (1000ml Pump Bottle)","SGT-HC-HYDRATING-CONDITIONER-1000ML","Hair Care","SGT-HC-HYDRATING-CONDITIONER-1000ML.jpg","SGT-HC-HYDRATING-CONDITIONER-1000ML-2.jpg","SGT-HC-HYDRATING-CONDITIONER-1000ML-3.jpg"
"Professional Series","Professional Intensive Repair Hair Spa Treatment Cream (500g Jar)","SGT-HC-ARGAN-REPAIR-MASK-500G","Hair Care","SGT-HC-ARGAN-REPAIR-MASK-500G.jpg","SGT-HC-ARGAN-REPAIR-MASK-500G-2.jpg","SGT-HC-ARGAN-REPAIR-MASK-500G-3.jpg"
"Professional Series","Professional Salon Standing Hair Steamer Hood Machine","SGT-EQ-STANDING-HAIR-STEAMER-HOOD","Professional Equipment","SGT-EQ-STANDING-HAIR-STEAMER-HOOD.jpg","SGT-EQ-STANDING-HAIR-STEAMER-HOOD-2.jpg","SGT-EQ-STANDING-HAIR-STEAMER-HOOD-3.jpg"
"Professional Series","Professional Stand Facial Ozone Steamer Machine","SGT-EQ-STAND-FACIAL-OZONE-STEAMER","Professional Equipment","SGT-EQ-STAND-FACIAL-OZONE-STEAMER.jpg","SGT-EQ-STAND-FACIAL-OZONE-STEAMER-2.jpg","SGT-EQ-STAND-FACIAL-OZONE-STEAMER-3.jpg"
"Professional Series","Stainless Steel Digital Autoclave Tool Sterilizer Cabinet","SGT-EQ-STAINLESS-STERILIZER-120C","Professional Equipment","SGT-EQ-STAINLESS-STERILIZER-120C.jpg","SGT-EQ-STAINLESS-STERILIZER-120C-2.jpg","SGT-EQ-STAINLESS-STERILIZER-120C-3.jpg"
"Professional Series","Tabletop Compact Facial Ozone Steamer Machine with Flexible Arm","SGT-EQ-TABLETOP-FACIAL-OZONE-STEAMER","Professional Equipment","SGT-EQ-TABLETOP-FACIAL-OZONE-STEAMER.jpg","SGT-EQ-TABLETOP-FACIAL-OZONE-STEAMER-2.jpg","SGT-EQ-TABLETOP-FACIAL-OZONE-STEAMER-3.jpg"
"Professional Waxing Series","Digital Wax Warmer Heater Pot with Clear Acrylic Lid","SGT-WAX-DIGITAL-WARMER-POT-WHITE","Waxing","SGT-WAX-DIGITAL-WARMER-POT-WHITE.jpg","SGT-WAX-DIGITAL-WARMER-POT-WHITE-2.jpg","SGT-WAX-DIGITAL-WARMER-POT-WHITE-3.jpg"
"RICA Professional","Black Charcoal Detox Stripless Hard Wax Beans (1kg Bag)","SGT-WAX-CHARCOAL-HARD-BEANS-1KG","Skin Care","SGT-WAX-CHARCOAL-HARD-BEANS-1KG.jpg","SGT-WAX-CHARCOAL-HARD-BEANS-1KG-2.jpg","SGT-WAX-CHARCOAL-HARD-BEANS-1KG-3.jpg"
"RICA Professional","Honey Natural Soft Liposoluble Wax Can (600g)","SGT-WAX-HONEY-SOFT-600G","Waxing","SGT-WAX-HONEY-SOFT-600G.jpg","SGT-WAX-HONEY-SOFT-600G-2.jpg","SGT-WAX-HONEY-SOFT-600G-3.jpg"
"RICA Professional","Pre-Wax Sanitizing Spray & Post-Wax Soothing Oil Duo (2x 250ml)","SGT-WAX-PREPOST-CARE-SET","Waxing","SGT-WAX-PREPOST-CARE-SET.jpg","SGT-WAX-PREPOST-CARE-SET-2.jpg","SGT-WAX-PREPOST-CARE-SET-3.jpg"
"Raaga Professional","10% Niacinamide Skin Brightening Day Cream (100g Jar)","SGT-SKIN-NIACINAMIDE-GLOW-CREAM","Skin Care","SGT-SKIN-NIACINAMIDE-GLOW-CREAM.jpg","SGT-SKIN-NIACINAMIDE-GLOW-CREAM-2.jpg","SGT-SKIN-NIACINAMIDE-GLOW-CREAM-3.jpg"
"Richelon","Richelon Charcoal Liposoluble Cartridge Wax (100g)","RCH-WAX-CHARCOAL-100G","Waxing","RCH-WAX-CHARCOAL-100G.jpg","RCH-WAX-CHARCOAL-100G-2.jpg","RCH-WAX-CHARCOAL-100G-3.jpg"
"Richelon","Richelon White Chocolate Liposoluble Cartridge Wax (100g)","RCH-WAX-WHITE-CHOC-100G","Waxing","RCH-WAX-WHITE-CHOC-100G.jpg","RCH-WAX-WHITE-CHOC-100G-2.jpg","RCH-WAX-WHITE-CHOC-100G-3.jpg"
"Royal Craft","Royal Antique Gold Floral Engraved Barber Shear","SGT-EQ-ROYAL-ANTIQUE-GOLD","Barber Supplies","SGT-EQ-ROYAL-ANTIQUE-GOLD.jpg","SGT-EQ-ROYAL-ANTIQUE-GOLD-2.jpg","SGT-EQ-ROYAL-ANTIQUE-GOLD-3.jpg"
"Royalson Furniture","Ergonomic Grey Executive Salon Waiting Lounge Chair","SGT-FUR-LOUNGE-GREY-CANTILEVER","Salon Furniture","SGT-FUR-LOUNGE-GREY-CANTILEVER.jpg","SGT-FUR-LOUNGE-GREY-CANTILEVER-2.jpg","SGT-FUR-LOUNGE-GREY-CANTILEVER-3.jpg"
"SGT Essentials","Professional Non-Woven Hair Removal Waxing Strips (Pack of 100)","SGT-WAX-STRIPS-NONWOVEN-100PK","Waxing","SGT-WAX-STRIPS-NONWOVEN-100PK.jpg","SGT-WAX-STRIPS-NONWOVEN-100PK-2.jpg","SGT-WAX-STRIPS-NONWOVEN-100PK-3.jpg"
"SGT Essentials","Smooth Birchwood Disposable Waxing Spatulas (Pack of 100)","SGT-WAX-SPATULA-WOODEN-100PK","Waxing","SGT-WAX-SPATULA-WOODEN-100PK.jpg","SGT-WAX-SPATULA-WOODEN-100PK-2.jpg","SGT-WAX-SPATULA-WOODEN-100PK-3.jpg"
"SHARONDS","SHARONDS 6 Inch 440C High Hardness Stainless Steel Hair Scissors Set","SGT-SHARONDS-6IN-SET","Barber Supplies","SGT-SHARONDS-6IN-SET.jpg","SGT-SHARONDS-6IN-SET-2.jpg","SGT-SHARONDS-6IN-SET-3.jpg"
"Sakhi Salon Furniture","SAKHI Luxury Emerald Green Quilted Hydraulic Styling Chair","SGT-FUR-SAKHI-EMERALD","Salon Furniture","SGT-FUR-SAKHI-EMERALD.jpg","SGT-FUR-SAKHI-EMERALD-2.jpg","SGT-FUR-SAKHI-EMERALD-3.jpg"
"Salon Care Professional","Professional 2-in-1 Facial Steamer & Hair Steamer Machine","SGT-EQ-2IN1-FACIAL-HAIR-STEAMER","Professional Equipment","SGT-EQ-2IN1-FACIAL-HAIR-STEAMER.jpg","SGT-EQ-2IN1-FACIAL-HAIR-STEAMER-2.jpg","SGT-EQ-2IN1-FACIAL-HAIR-STEAMER-3.jpg"
"Salon Care Professional","Professional Hairdresser Appliance & Tool Combo Kit","SGT-BAR-TOOL-KIT-PRO","Barber Supplies","SGT-BAR-TOOL-KIT-PRO.jpg","SGT-BAR-TOOL-KIT-PRO-2.jpg","SGT-BAR-TOOL-KIT-PRO-3.jpg"
"Salon Furniture Series","Charcoal Leather Shampoo Backwash Unit with Tilting Ceramic Basin","SGT-FUR-CHARCOAL-SHAMPOO-BACKWASH","Salon Furniture","SGT-FUR-CHARCOAL-SHAMPOO-BACKWASH.jpg","SGT-FUR-CHARCOAL-SHAMPOO-BACKWASH-2.jpg","SGT-FUR-CHARCOAL-SHAMPOO-BACKWASH-3.jpg"
"Salon Furniture Series","Cream Leather Hydraulic Facial Bed & Reclining Massage Chair","SGT-FUR-CREAM-FACIAL-BED-HYDRAULIC","Salon Furniture","SGT-FUR-CREAM-FACIAL-BED-HYDRAULIC.jpg","SGT-FUR-CREAM-FACIAL-BED-HYDRAULIC-2.jpg","SGT-FUR-CREAM-FACIAL-BED-HYDRAULIC-3.jpg"
"Salon Furniture Series","Luxury Heavy-Duty Reclining Barber Chair Dark Brown Leather","SGT-FUR-RECLINING-BARBER-CHAIR-BROWN","Salon Furniture","SGT-FUR-RECLINING-BARBER-CHAIR-BROWN.jpg","SGT-FUR-RECLINING-BARBER-CHAIR-BROWN-2.jpg","SGT-FUR-RECLINING-BARBER-CHAIR-BROWN-3.jpg"
"Salon Furniture Series","Professional 4-Drawer Locking Salon Storage Trolley Cart Black","SGT-FUR-ROLLING-TOOL-CART-BLACK","Salon Furniture","SGT-FUR-ROLLING-TOOL-CART-BLACK.jpg","SGT-FUR-ROLLING-TOOL-CART-BLACK-2.jpg","SGT-FUR-ROLLING-TOOL-CART-BLACK-3.jpg"
"Salon Furniture Series","Stainless Steel 3-Tier Rolling Salon Utility Trolley Cart","SGT-FUR-STAINLESS-3TIER-TROLLEY","Salon Furniture","SGT-FUR-STAINLESS-3TIER-TROLLEY.jpg","SGT-FUR-STAINLESS-3TIER-TROLLEY-2.jpg","SGT-FUR-STAINLESS-3TIER-TROLLEY-3.jpg"
"Salon Pro","High Frequency Facial Machine","SGT-PE-003","Professional Equipment","SGT-PE-003.jpg","SGT-PE-003-2.jpg","SGT-PE-003-3.jpg"
"Salon Pro","Salon Pro 6-Inch Japanese Stainless Steel Barber Scissors Kit","SGT-BAR-SHEARS-SALON-PRO-6IN","Barber Supplies","SGT-BAR-SHEARS-SALON-PRO-6IN.jpg","SGT-BAR-SHEARS-SALON-PRO-6IN-2.jpg","SGT-BAR-SHEARS-SALON-PRO-6IN-3.jpg"
"Salon Pro Series","High-Lift Dust-Free Bleaching Powder White (500g)","SGT-HCT-BLEACH-POWDER-500G","Hair Color & Treatment","SGT-HCT-BLEACH-POWDER-500G.jpg","SGT-HCT-BLEACH-POWDER-500G-2.jpg","SGT-HCT-BLEACH-POWDER-500G-3.jpg"
"Salon Pro Series","Professional Hair Color Developer Cream 20 Vol / 6% (1000ml)","SGT-HCT-DEVELOPER-20VOL-1000ML","Hair Color & Treatment","SGT-HCT-DEVELOPER-20VOL-1000ML.jpg","SGT-HCT-DEVELOPER-20VOL-1000ML-2.jpg","SGT-HCT-DEVELOPER-20VOL-1000ML-3.jpg"
"Salon Pro Series","Professional Hair Perming Lotion Wave Activator Formula (800ml)","SGT-HCT-HAIR-PERMING-LOTION-800ML","Hair Color & Treatment","SGT-HCT-HAIR-PERMING-LOTION-800ML.jpg","SGT-HCT-HAIR-PERMING-LOTION-800ML-2.jpg","SGT-HCT-HAIR-PERMING-LOTION-800ML-3.jpg"
"Salon Pro Series","Professional High-Speed AC Motor Ionic Hair Blow Dryer Grey","SGT-BRB-IONIC-BLOW-DRYER-GREY","Barber Supplies","SGT-BRB-IONIC-BLOW-DRYER-GREY.jpg","SGT-BRB-IONIC-BLOW-DRYER-GREY-2.jpg","SGT-BRB-IONIC-BLOW-DRYER-GREY-3.jpg"
"Salon Pro Series","Professional Titanium Ceramic Hair Straightener Flat Iron with Digital LCD","SGT-BRB-TITANIUM-FLAT-IRON-365F","Barber Supplies","SGT-BRB-TITANIUM-FLAT-IRON-365F.jpg","SGT-BRB-TITANIUM-FLAT-IRON-365F-2.jpg","SGT-BRB-TITANIUM-FLAT-IRON-365F-3.jpg"
"Sanguine Professional","Sanguine Ergonomic Pastel Titanium Barber Shears Series","SGT-EQ-SANGUINE-PASTEL","Barber Supplies","SGT-EQ-SANGUINE-PASTEL.jpg","SGT-EQ-SANGUINE-PASTEL-2.jpg","SGT-EQ-SANGUINE-PASTEL-3.jpg"
"Sanitec Professional","Luxury Pedicure Spa Chair with Hydrotherapy Foot Bath & Massage","SGT-FUR-PEDICURE-SPA-CHAIR","Salon Furniture","SGT-FUR-PEDICURE-SPA-CHAIR.jpg","SGT-FUR-PEDICURE-SPA-CHAIR-2.jpg","SGT-FUR-PEDICURE-SPA-CHAIR-3.jpg"
"Sanitec Professional","Professional UV Sterilizer Cabinet & Facial Reclining Chair Station","SGT-EQ-UV-FACIAL-STATION","Professional Equipment","SGT-EQ-UV-FACIAL-STATION.jpg","SGT-EQ-UV-FACIAL-STATION-2.jpg","SGT-EQ-UV-FACIAL-STATION-3.jpg"
"Schwarzkopf Professional","Professional Keratin Repair Shampoo (1000ml Pump Bottle)","SGT-HC-KERATIN-SHAMPOO-1000ML","Hair Care","SGT-HC-KERATIN-SHAMPOO-1000ML.jpg","SGT-HC-KERATIN-SHAMPOO-1000ML-2.jpg","SGT-HC-KERATIN-SHAMPOO-1000ML-3.jpg"
"Schwarzkopf Professional","Schwarzkopf Professional IGORA ROYAL Absolutes Anti-Age Color Cream","SGT-HT-IGORA-ABSOLUTES","Hair Color & Treatment","SGT-HT-IGORA-ABSOLUTES.jpg","SGT-HT-IGORA-ABSOLUTES-2.jpg","SGT-HT-IGORA-ABSOLUTES-3.jpg"
"Schwarzkopf Professional","Schwarzkopf Professional IGORA ROYAL Permanent Color Cream","SGT-HT-IGORA-ROYAL","Hair Color & Treatment","SGT-HT-IGORA-ROYAL.jpg","SGT-HT-IGORA-ROYAL-2.jpg","SGT-HT-IGORA-ROYAL-3.jpg"
"Schwarzkopf Professional","Schwarzkopf Professional IGORA VIBRANCE Tone on Tone Coloration","SGT-HT-IGORA-VIBRANCE","Hair Color & Treatment","SGT-HT-IGORA-VIBRANCE.jpg","SGT-HT-IGORA-VIBRANCE-2.jpg","SGT-HT-IGORA-VIBRANCE-3.jpg"
"Schwarzkopf Professional","Schwarzkopf Professional IGORA ZERO AMM Ammonia-Free Color Cream","SGT-HT-IGORA-ZERO-AMM","Hair Color & Treatment","SGT-HT-IGORA-ZERO-AMM.jpg","SGT-HT-IGORA-ZERO-AMM-2.jpg","SGT-HT-IGORA-ZERO-AMM-3.jpg"
"Skin Care Series","24K Gold Luxury Peel-off Facial Mask Jar (250g)","SGT-SKIN-GOLD-PEELOFF-MASK-250G","Skin Care","SGT-SKIN-GOLD-PEELOFF-MASK-250G.jpg","SGT-SKIN-GOLD-PEELOFF-MASK-250G-2.jpg","SGT-SKIN-GOLD-PEELOFF-MASK-250G-3.jpg"
"Skin Care Series","Deep Exfoliating Facial Scrub Cream Tube with Natural Micro-Granules (200ml)","SGT-SKIN-EXFOLIATING-SCRUB-CREAM-200ML","Skin Care","SGT-SKIN-EXFOLIATING-SCRUB-CREAM-200ML.jpg","SGT-SKIN-EXFOLIATING-SCRUB-CREAM-200ML-2.jpg","SGT-SKIN-EXFOLIATING-SCRUB-CREAM-200ML-3.jpg"
"Skin Care Series","Professional Hydrating Glow Serum with Hyaluronic Acid & Niacinamide (100ml)","SGT-SKIN-GLOW-HYDRATING-SERUM-100ML","Skin Care","SGT-SKIN-GLOW-HYDRATING-SERUM-100ML.jpg","SGT-SKIN-GLOW-HYDRATING-SERUM-100ML-2.jpg","SGT-SKIN-GLOW-HYDRATING-SERUM-100ML-3.jpg"
"Skin Care Series","Rose Water & Aloe Vera Soothing Facial Toner Mist Spray (200ml)","SGT-SKIN-FACIAL-TONER-ROSE-ALOE-200ML","Skin Care","SGT-SKIN-FACIAL-TONER-ROSE-ALOE-200ML.jpg","SGT-SKIN-FACIAL-TONER-ROSE-ALOE-200ML-2.jpg","SGT-SKIN-FACIAL-TONER-ROSE-ALOE-200ML-3.jpg"
"Skin Care Series","Vitamin C Radiant Facial Glow Massage Cream Jar (200g)","SGT-SKIN-VITAMIN-C-GLOW-CREAM-200G","Skin Care","SGT-SKIN-VITAMIN-C-GLOW-CREAM-200G.jpg","SGT-SKIN-VITAMIN-C-GLOW-CREAM-200G-2.jpg","SGT-SKIN-VITAMIN-C-GLOW-CREAM-200G-3.jpg"
"Streax","Streax Shine Hair Serum With Walnut Oil","SGT-HC-STREAX-SHINE","Hair Care","SGT-HC-STREAX-SHINE.jpg","SGT-HC-STREAX-SHINE-2.jpg","SGT-HC-STREAX-SHINE-3.jpg"
"Streax Craft","Streax Craft Strength Hair Serum With Vitamin E","SGT-HC-STREAX-STRENGTH","Hair Care","SGT-HC-STREAX-STRENGTH.jpg","SGT-HC-STREAX-STRENGTH-2.jpg","SGT-HC-STREAX-STRENGTH-3.jpg"
"Streax Professional","Streax Professional Repair Max Hair Serum Vitariche Care","SGT-HC-STREAX-REPAIR","Hair Care","SGT-HC-STREAX-REPAIR.jpg","SGT-HC-STREAX-REPAIR-2.jpg","SGT-HC-STREAX-REPAIR-3.jpg"
"Streax Professional","Streax Professional Scalp Care Hairfall Rescue Serum","SGT-HC-STREAX-SCALP","Hair Care","SGT-HC-STREAX-SCALP.jpg","SGT-HC-STREAX-SCALP-2.jpg","SGT-HC-STREAX-SCALP-3.jpg"
"Streax Professional","Streax Professional Vitariche Gloss Hair Serum","SGT-HC-STREAX-GLOSS","Hair Care","SGT-HC-STREAX-GLOSS.jpg","SGT-HC-STREAX-GLOSS-2.jpg","SGT-HC-STREAX-GLOSS-3.jpg"
"Tress Pro","Complete Parlour Waxing Master Set with Silicone Pot Liner","SGT-WAX-SALON-HERO-KIT-PRO","Waxing","SGT-WAX-SALON-HERO-KIT-PRO.jpg","SGT-WAX-SALON-HERO-KIT-PRO-2.jpg","SGT-WAX-SALON-HERO-KIT-PRO-3.jpg"
"Tress Pro","Matte Black Executive Waxing Station Kit with Pre & Post Oil","SGT-WAX-PREMIUM-KIT-MATTE-BLACK","Waxing","SGT-WAX-PREMIUM-KIT-MATTE-BLACK.jpg","SGT-WAX-PREMIUM-KIT-MATTE-BLACK-2.jpg","SGT-WAX-PREMIUM-KIT-MATTE-BLACK-3.jpg"
"Tress Pro","Rapid-Melt Double Pot Electric Wax Heater Station","SGT-WAX-RAPID-HEATER-KIT","Waxing","SGT-WAX-RAPID-HEATER-KIT.jpg","SGT-WAX-RAPID-HEATER-KIT-2.jpg","SGT-WAX-RAPID-HEATER-KIT-3.jpg"
"Wahl Professional","High-Torque Rotary Motor Cordless Barber Hair Clipper Gold","SGT-BRB-PRO-CORDLESS-HAIR-CLIPPER","Skin Care","SGT-BRB-PRO-CORDLESS-HAIR-CLIPPER.jpg","SGT-BRB-PRO-CORDLESS-HAIR-CLIPPER-2.jpg","SGT-BRB-PRO-CORDLESS-HAIR-CLIPPER-3.jpg"